FHC DHQ Muzaffargarh ,142,1,1,142,18
FHC THQ Kot Addu ,142,1,1,142,18
FHC THQ Ali Pur ,142,1,1,142,18
FWC City-I M.Garh,142,1,1,142,18
FWC City-II M.Garh,142,1,1,142,18
FWC City-III M.Garh,142,1,1,142,18
FWC Basti Gujja,142,1,1,142,18
FWC Chak Mithan,142,1,1,142,18
FWC Thatha Qurreshi,142,1,1,142,18
FWC Khangarh,142,1,1,142,18
FWC Wassandey Wali,142,1,1,142,18
FWC Aloodey Wali,142,1,1,142,18
FWC Rohillan Wali,142,1,1,142,18
FWC Mondka,142,1,1,142,18
FWC Shah Jamal,142,1,1,142,18
FWC Basira,142,1,1,142,18
FWC K.D.Qurreshi,142,1,1,142,18
FWC Bhutta Pur,142,1,1,142,18
FWC Khan Pur,142,1,1,142,18
FWC Muradabad,142,1,1,142,18
FWC Langar Sarai,142,1,1,142,18
FWC Rang Pur,142,1,1,142,18
FWC Mahra,142,1,1,142,18
FWC Barra Sadaat,142,1,1,142,18
FWC Tibba Karimabad,142,1,1,142,18
FWC Thermal Colony,142,1,1,142,18
FWC Jawana Bangla,142,1,1,142,18
FWC .Social Security Hospital,142,1,1,142,18
FWC Sharif Chajrrah,142,1,1,142,18
FWC Ali Pur,142,1,1,142,18
FWC Permit,142,1,1,142,18
FWC Khair Pur,142,1,1,142,18
FWC Seet Pur  ,142,1,1,142,18
FWC Taheem Wala,142,1,1,142,18
FWC Mehmood Kot,142,1,1,142,18
FWC Sinawan,142,1,1,142,18
FWC D.D.Pannah,142,1,1,142,18
FWC Gurmani,142,1,1,142,18
FWC Ehsan Pur,142,1,1,142,18
FWC Kotaddu-I,142,1,1,142,18
FWC Kotaddu-II,142,1,1,142,18
FWC Patal Kotaddu,142,1,1,142,18
FWC Pir Jaggi Mor,142,1,1,142,18
FWC Riaz Abad,142,1,1,142,18
FWC C.S.Shaheed,142,1,1,142,18
FWC Arri Lal Khan,142,1,1,142,18
FWC Taunsa Mor,142,1,1,142,18
FWC Noor Shah,142,1,1,142,18
FWC Sultan Colony,142,1,1,142,18
FWC Pul-88 Kot Addu,142,1,1,142,18
FWC Daya Chokha,142,1,1,142,18
FWC Sher Sultan,142,1,1,142,18
FWC B.M.Hazar,142,1,1,142,18
FWC Beelay Wala,142,1,1,142,18
FWC Jatoi City-I,142,1,1,142,18
FWC Jhuggi Wala,142,1,1,142,18
FWC Binda Ishaq,142,1,1,142,18
FWC Sitharri,142,1,1,142,18
FWC Sabay Wala,142,1,1,142,18
Family Health Clinic Narowal,143,1,1,143,18
Family Health Clinic Shakargarh,143,1,1,143,18
Family Health Mobile Unit Narowal,143,1,1,143,18
Family Health Mobile Unit Shakargarh,143,1,1,143,18
FWC Narowal. 1,143,1,1,143,18
FWC Narowal.II,143,1,1,143,18
FWC Sughra Shafi Hospital Narowal,143,1,1,143,18
FWC Dhamthal,143,1,1,143,18
FWC Talwindi Bhandran,143,1,1,143,18
FWC Sankhtra,143,1,1,143,18
FWC Jassar,143,`,1,143,18
FWC Singail,143,1,1,143,18
FWC Adda Siraj,143,1,1,143,18
FWC Dariawala,143,1,1,143,18
FWC Zafarwal,143,1,1,143,18
FWC Qila Ahmed Abad,143,1,1,143,18
FWC Baddo malhi,143,1,1,143,18
FWC Domala,143,1,1,143,18
FWC Feroze Pur,143,1,1,143,18
FWC Marara,143,1,1,143,18
FWC Shakar Garh.1,143,1,1,143,18
FWC Shakar Garh. 2,143,1,1,143,18
FWC Maryial,143,1,1,143,18
FWC Darman,143,1,1,143,18
FWC Bhari Khurd,143,1,1,143,18
FWC Eissa Sahary ,143,1,1,143,18
FWC Jabbal,143,1,1,143,18
FWC Lassar,143,1,1,143,18
FWC Manzoor pura plat,143,1,1,143,18
FWC Kanjroor,143,1,1,143,18
FWC Noor Kot,143,1,1,143,18
Family Health Clinic Okara,37,1,1,37,18
Family Health Clinic Renala Khurd,37,1,1,37,18
Family Health Clinic Depalpur,37,1,1,37,18
Family Health Mobile Unit Okara,37,1,1,37,18
Family Health Mobile Unit Renala Khurd,37,1,1,37,18
Family Health Mobile Unit Depalpur,37,1,1,37,18
Family Health Centre Okara-I  ,37,1,1,37,18
Family Health Centre Okara-II,37,1,1,37,18
Family Health Centre Okara-III,37,1,1,37,18
Family Health Centre Military Farm,37,1,1,37,18
Family Health Centre Ghazi Abad,37,1,1,37,18
Family Health Centre CMH Okara Cantt,37,1,1,37,18
Family Health Centre 38/2.RA,37,1,1,37,18
Family Health Centre Bahadar Nagar Farm,37,1,1,37,18
Family Health Centre 14/GD,37,1,1,37,18
Family Health Centre 18/G.D,37,1,1,37,18
Family Health Centre Joiya,37,1,1,37,18
Family Health Centre 24/2.R,37,1,1,37,18
Family Health Centre 54/2.L,37,1,1,37,18
Family Health Centre 43/GD,37,1,1,37,18
Family Health Centre Anjuman Bahbood-E-Khawateen,37,1,1,37,18
Family Health Centre Gogera,37,1,1,37,18
Family Health Centre (R.D.34/4.L,37,1,1,37,18
Family Health Centre 42/2.L,37,1,1,37,18
Family Health Centre Depalpur-II,37,1,1,37,18
Family Health Centre Depalpur-I,37,1,1,37,18
Family Health Centre 40/D,37,1,1,37,18
Family Health Centre Mazhar Abad,37,1,1,37,18
Family Health Centre Hujra Shah Muqeem-I,37,1,1,37,18
Family Health Centre Hujra Shah Muqeem-II,37,1,1,37,18
Family Health Centre Rajowal,37,1,1,37,18
Family Health Centre Battak,37,1,1,37,18
Family Health Centre Sher Gharh,37,1,1,37,18
Family Health Centre Haveli Lakha-I,37,1,1,37,18
Family Health Centre Haveli Lakha-II,37,1,1,37,18
Family Health Centre Mandi Ahmed Abad,37,1,1,37,18
Family Health Centre Nikki Maneki,37,1,1,37,18
Family Health Centre Wasawewala,37,1,1,37,18
Family Health Centre Piply Pahar,37,1,1,37,18
Family Health Centre Basir Pur,37,1,1,37,18
Family Health Centre Mirza Pur,37,1,1,37,18
FH.Centre  Renala Khurd-II,37,1,1,37,18
Family Health Centre Renala Khurd-I,37,1,1,37,18
Family Health Centre 2/1.L,37,1,1,37,18
Family Health Centre Akhtar Abad,37,1,1,37,18
Family Health Centre 12/1.L,37,1,1,37,18
Family Health Centre 4/G.D,37,1,1,37,18
Family Health Centre Bama Bala,37,1,1,37,18
Family Health Centre 18/1.A.L,37,1,1,37,18
FHC DHQ Pakpattan,38,1,1,38,18
FHC THQ Arifwala,38,1,1,38,18
FHC DHQ Pakpattan,38,1,1,38,18
FHC THQ Arifwala,38,1,1,38,18
Pakpattan-I,38,1,1,38,18
Hasan Pura,38,1,1,38,18
Pull Rakh,38,1,1,38,18
RHC Malka Hans,38,1,1,38,18
37/SP,38,1,1,38,18
15/SP,38,1,1,38,18
Shabbir Chowk,38,1,1,38,18
29/SP,38,1,1,38,18
32/SP,38,1,1,38,18
Noor Pur,38,1,1,38,18
Feroz Pur Chishtian,38,1,1,38,18
Malka Hans,38,1,1,38,18
Green Town,38,1,1,38,18
Khayaban Colony,38,1,1,38,18
RHC Bonga Hayyat,38,1,1,38,18
Pakpattan-II,38,1,1,38,18
RHC Qaboola,38,1,1,38,18
Purana Thana,38,1,1,38,18
Rang Shah,38,1,1,38,18
155/EB,38,1,1,38,18
38/EB,38,1,1,38,18
Arifwala-II,38,1,1,38,18
131/EB,38,1,1,38,18
59/EB,38,1,1,38,18
Chak Shafi,38,1,1,38,18
54/EB,38,1,1,38,18
Tarikhni Adda Arifwala,38,1,1,38,18
Arifwala-I,38,1,1,38,18
RHC 163/EB,38,1,1,38,18
Family Health Clinic R.Y.Khan ,39,1,1,39,18
Family Health Clinic Sadiqabad ,39,1,1,39,18
Family Health Clinic  Khanpur ,39,1,1,39,18
Family Health Clinic Liaquatpur ,39,1,1,39,18
FWC Gulshan-e-Iqbal,39,1,1,39,18
FWC Gulshan-e-Usman,39,1,1,39,18
FWC Mohalla Kanjoo,39,1,1,39,18
FWC Islam Nagar,39,1,1,39,18
FWC Sakhi Sarwar Colony,39,1,1,39,18
FWC Noor-E-Wali,39,1,1,39,18
FWC Chak 85/P.,39,1,1,39,18
FWC Dera Pinnia,39,1,1,39,18
RHC Rajanpur Kalan,39,1,1,39,18
RD Chak No. 72/NP,39,1,1,39,18
FWC Sheikh Wahan,39,1,1,39,18
FWC Iqbalabad,39,1,1,39,18
FWC Sardar Garh,39,1,1,39,18
RHC Taranda Saway Khan,39,1,1,39,18
RHC Kot Samaba,39,1,1,39,18
FWC Sanni Pull,39,1,1,39,18
FWC Rukkan Pur,39,1,1,39,18
FWC Latif Abad,39,1,1,39,18
RHC Mian Wali Qureshian,39,1,1,39,18
FWC Fateh Pur Punjabian,39,1,1,39,18
FWC Bhatta Colony,39,1,1,39,18
RHC Bangla Manthar,39,1,1,39,18
Latifabad,39,1,1,39,18
Mujahid Colony,39,1,1,39,18
Basti Mian Sahib,39,1,1,39,18
RHC Jamal Din Wali,39,1,1,39,18
RHC Ahmad Pur Lamma,39,1,1,39,18
RHC Sanjar Pur,39,1,1,39,18
Kotha Thali,39,1,1,39,18
Chak No.25/NP,39,1,1,39,18
RD Rahanjay Khan,39,1,1,39,18
RHC 173/P,39,1,1,39,18
Machi Goth,39,1,1,39,18
Bhutta Wahan,39,1,1,39,18
Mohalla Faisal Abad,39,1,1,39,18
Model Town -B,39,1,1,39,18
Sattelite Town,39,1,1,39,18
RHC Nawan Kot,39,1,1,39,18
Fateh Pur Kamal,39,1,1,39,18
RHC Sahja,39,1,1,39,18
RHC Zahir Pir,39,1,1,39,18
BHU Chachiran Sharif,39,1,1,39,18
Mud Bhura,39,1,1,39,18
RHC Bagh-O-Bahar,39,1,1,39,18
RD Ckak NO. 4/P,39,1,1,39,18
RD Din Pur Shareef,39,1,1,39,18
Ghari Ikhtiar Khan,39,1,1,39,18
Kachi Mandi,39,1,1,39,18
Pacci Mandi,39,1,1,39,18
RHC Allah Abad,39,1,1,39,18
RHC Feroza,39,1,1,39,18
Janpur,39,1,1,39,18
RHC Pacca Laran,39,1,1,39,18
RHC Tranda Muhammad Pannah,39,1,1,39,18
RHC Khanbella,39,1,1,39,18
RD Kotla Daulat,39,1,1,39,18
Chak 64/A,39,1,1,39,18
Jindoo Pir Kamal,39,1,1,39,18
Shedani Sharif,39,1,1,39,18
FHC Rajan pur,40,1,1,40,18
FHC Jampur,40,1,1,40,18
FHC Rojhan,40,1,1,40,18
FHMU Rajan pur,40,1,1,40,18
FHMU Jampur,40,1,1,40,18
FHMU Rojhan,40,1,1,40,18
FWC City 1 Rajanpur,40,1,1,40,18
FWC Therri Colony Rajanpur,40,1,1,40,18
FWC Fathe Pur,40,1,1,40,18
FWC NoorPur Machi Wala,40,1,1,40,18
FWC Kotla Essan,40,1,1,40,18
FWC Kotla Naseer,40,1,1,40,18
FWC RHC Kotmithan,40,1,1,40,18
FWC Kotmithan City 2,40,1,1,40,18
FWC  Rakh Kotmithan,40,1,1,40,18
FWC Basti Miani,40,1,1,40,18
FWC Wang,40,1,1,40,18
FWC Murghai,40,1,1,40,18
FWC Shikarpur,40,1,1,40,18
FWC Fazilpur City 1,40,1,1,40,18
FWC Fazilpur City 2,40,1,1,40,18
FWC Sahan Wala,40,1,1,40,18
FWC Kotla Sher Mohammad,40,1,1,40,18
FWC Jampur,40,1,1,40,18
FWC Hameed Wala,40,1,1,40,18
FWC Saleem Abad,40,1,1,40,18
FWC Irfan abad Colony,40,1,1,40,18
FWC Tatar Wala,40,1,1,40,18
FWC Liaqat Pirhar,40,1,1,40,18
FWC Basti Bazgeer,40,1,1,40,18
FWC Kotla Mughlan,40,1,1,40,18
FWC Kotla Dewan,40,1,1,40,18
FWC Mohammad Pur Dewan,40,1,1,40,18
FWC Bukhara,40,1,1,40,18
FWC Hajipur,40,1,1,40,18
FWC Rasool Pur,40,1,1,40,18
FWC Dajal,40,1,1,40,18
FWC Kot Tahir,40,1,1,40,18
FWC Rojhan City 1,40,1,1,40,18
FWC Rojhan City 2,40,1,1,40,18
FWC Basti Sanjrani,40,1,1,40,18
FWC Uzman,40,1,1,40,18
FWC Meeran Pur,40,1,1,40,18
FWC Umer Kot,40,1,1,40,18
FWC Bangla Iccha,40,1,1,40,18
FWC Son Miani,40,1,1,40,18
FHC Military Hospital,13,1,1,13,18
FHC Benazir Bhutto Shaheed Hospital ,13,1,1,13,18
FHC Holy Family Hospital,13,1,1,13,18
FHC POF Hospital Wah Cantt,13,1,1,13,18
FHC Murree,13,1,1,13,18
FHC Gujar Khan,13,1,1,13,18
FHC Kahuta ,13,1,1,13,18
FHMU Rawalpindi,13,1,1,13,18
FHMU Kottli Sattian,13,1,1,13,18
FHMU Taxila,13,1,1,13,18
FHMU Murree,13,1,1,13,18
FHMU Gujar Khan,13,1,1,13,18
FHMU Kahuta ,13,1,1,13,18
F. W. Centre Jinnah Town,13,1,1,13,18
F. W. Centre Dk.Farman Ali,13,1,1,13,18
F.W.Centre Adyala Road,13,1,1,13,18
F.W.Centre Mulpur,13,1,1,13,18
F.W.Centre Airport  Housing Society,13,1,1,13,18
F.W.Centre Dk. Ratta,13,1,1,13,18
F.W.Centre PHC Khyban-e-Sir Syed,13,1,1,13,18
F.W.Centre  Dk. Hafiz,13,1,1,13,18
F.W.Centre  Dheri Hassanabad,13,1,1,13,18
F.W.Centre Lodhra,13,1,1,13,18
F.W.Centre  Bakra Mandi,13,1,1,13,18
F.W.Centre Fauji Foundation Hospital  ,13,1,1,13,18
F.W.Centre Bunni,13,1,1,13,18
F.W.Center Cantt General Hospital,13,1,1,13,18
F.W.Centre Chak Bali Khan,13,1,1,13,18
F.W.Centre Mohra,13,1,1,13,18
F.W.Centre  Chakri Road,13,1,1,13,18
F.W.Centre Shakrial,13,1,1,13,18
F.W.Centre Sadiq Abad,13,1,1,13,18
F.W.Centre Zia ul Haq Colony,13,1,1,13,18
F.W.Centre RHC  Chountra,13,1,1,13,18
F.W.Centre Basali,13,1,1,13,18
FWC Allahabad,13,1,1,13,18
FWC Bagga Sheikhan,13,1,1,13,18
FWC DHQ Hospital ,13,1,1,13,18
F. W. Centre P.A.F Base,13,1,1,13,18
F. W. Centre Social Security Hospital,13,1,1,13,18
F.W.Centre Behbood Association ,13,1,1,13,18
FWC  Transit Camp,13,1,1,13,18
FWC WAPDA Hospital,13,1,1,13,18
FWC  CMH Rawalpindi,13,1,1,13,18
FWC Wahadat Colony ,13,1,1,13,18
F.W.Centre  Murree ,13,1,1,13,18
F.W.Centre  Ghora Gali,13,1,1,13,18
F.W.Centre Bara Hoter,13,1,1,13,18
F.W.Centre  Gulehra Gali,13,1,1,13,18
F.W.Centre  Aliyot,13,1,1,13,18
FWC Murree (city),13,1,1,13,18
FWC  CMH Murree,13,1,1,13,18
F.W.Centre HIT  Taxila,13,1,1,13,18
F.W.Centre  Ahatta,13,1,1,13,18
F.W.Centre  DD-V,13,1,1,13,18
F.W.Centre DD-III,13,1,1,13,18
F.W.Centre DD-IV,13,1,1,13,18
FWC Aziat Ali Shah Hospital,13,1,1,13,18
FW Centre POF Wah Cantt (Nawaabad Dispensary),13,1,1,13,18
F.W.Centre Kahuta,13,1,1,13,18
F.W.Centre  Nawaz colony,13,1,1,13,18
F.W.Centre  Kalar Saydan,13,1,1,13,18
F.W.Centre  Choha Khalsa,13,1,1,13,18
F.W.Centre  Bhora Hayal,13,1,1,13,18
FWC  Ari Sayedian,13,1,1,13,18
FWC  Kahuta-III,13,1,1,13,18
F.W.Centre  Gulyana,13,1,1,13,18
F.W.Centre RHC Qazian,13,1,1,13,18
F.W.Centre RHC  Mandra,13,1,1,13,18
F.W.Centre  Badhana,13,1,1,13,18
F.W.Centre  Sukhoo,13,1,1,13,18
F.W.Centre RHC  Daultala,13,1,1,13,18
FW Centre  Behr Ratiyal,13,1,1,13,18
THQ Gujar Khan,13,1,1,13,18
F.W.Centre RHC Kotli Sattian,13,1,1,13,18
F.W.Centre Karor,13,1,1,13,18
F.W.Centre RHC Lehtrar,13,1,1,13,18
FW Centre Kottli  Sattian,13,1,1,13,18
FW Centre Mohri Syedan,13,1,1,13,18
FHC Sahiwal,41,1,1,41,18
FHC Chichawatni,41,1,1,41,18
FHMU Sahiwal,41,1,1,41,18
FHMU Chichawatni,41,1,1,41,18
FWC S J Maternity Hoaspital,41,1,1,41,18
FWC Qayume Hospital,41,1,1,41,18
FWC Garden Town ,41,1,1,41,18
FWC Jahaz Ground,41,1,1,41,18
FWC Sahiwal II,41,1,1,41,18
FWC 93/6/R,41,1,1,41,18
FWC 87-A/6/R,41,1,1,41,18
FWC 77/5/R,41,1,1,41,18
FWC 60/5/L,41,1,1,41,18
FWC 97/6/R,41,1,1,41,18
FWC 135/9/L,41,1,1,41,18
FWC 82/6/R,41,1,1,41,18
FWC Gamber,41,1,1,41,18
FWC 65/A-G-D,41,1,1,41,18
FWC Noor Shah,41,1,1,41,18
FWC New Muslim Town,41,1,1,41,18
FWC 120/9/L,41,1,1,41,18
FWC 97/9/L,41,1,1,41,18
FWC Harappa Station,41,1,1,41,18
FWC Harappa City,41,1,1,41,18
FWC 149/9/L,41,1,1,41,18
 FWC Farid Town,41,1,1,41,18
FWC 88/A-6R,41,1,1,41,18
FWC Tariq Bin Ziad Colony,41,1,1,41,18
FWC Chak No.76/5/L,41,1,1,41,18
FWC 65/4-R,41,1,1,41,18
FWC MEPCO  Complex  SWL,41,1,1,41,18
FWC T. P.W. O Complex  CCE,41,1,1,41,18
FWC Chichawatni I,41,1,1,41,18
FWC Chichawatni II,41,1,1,41,18
FWC 39/12/L,41,1,1,41,18
FWC 9/11/L,41,1,1,41,18
FWC 31/11/L,41,1,1,41,18
FWC 49/12/L,41,1,1,41,18
FWC 21/11/L Ghaziabad,41,1,1,41,18
FWC Ghariabad Basti,41,1,1,41,18
FWC Gao Shala,41,1,1,41,18
FWC Kassowal,41,1,1,41,18
FWC Iqbal Nagar,41,1,1,41,18
FWC 90-More (90/12/L),41,1,1,41,18
FWC 86-A/12-L,41,1,1,41,18
FWC 6/14-L,41,1,1,41,18
FHC Sargodha,42,1,1,42,18
FHC Bhalwal,42,1,1,42,18
FHC Shahpur,42,1,1,42,18
FHMU SARGODHA,42,1,1,42,18
FHMU BHALWAL,42,1,1,42,18
FHMU SHAHPUR,42,1,1,42,18
FHMU SHAHIWAL,42,1,1,42,18
FHMU SILLANWALI,42,1,1,42,18
FWC Block 16,42,1,1,42,18
FWC Gulshan Iqbal Colony,42,1,1,42,18
FWC Gulshan-e-Jamal,42,1,1,42,18
FWC Joher Colony,42,1,1,42,18
FWC MC General hospital,42,1,1,42,18
FWC Ghani Park,42,1,1,42,18
FWC Istaqlalabad,42,1,1,42,18
FWC Haiderabad town,42,1,1,42,18
FWC Chak 89 N.B,42,1,1,42,18
FWC Chak 27 N.B,42,1,1,42,18
FWC Chak 80 S.B,42,1,1,42,18
FWC Chak 46 S.B,42,1,1,42,18
FWC RHD Chak 36 S.B,42,1,1,42,18
FWC Mari,42,1,1,42,18
FWC Chak 43/NB,42,1,1,42,18
FWC Chak 25 S.B,42,1,1,42,18
FWC Chak 36 N.B,42,1,1,42,18
FWC Chak 109 S.B,42,1,1,42,18
FWC Bajwa Colony,42,1,1,42,18
FWC Chak 38,42,1,1,42,18
FWC Chak 49 Tail`,42,1,1,42,18
FWC Soni Pura,42,1,1,42,18
FWC M.I Room,42,1,1,42,18
FWC CMH,42,1,1,42,18
FWC Sillanwali,42,1,1,42,18
FWC Shahinabad,42,1,1,42,18
FWC Chak 129 S.B,42,1,1,42,18
FWC Shah Nikdar,42,1,1,42,18
FWC Sobhaga,42,1,1,42,18
FWC Shahpur Sadar,42,1,1,42,18
FWC Shahpur City,42,1,1,42,18
FWC Jhawarian,42,1,1,42,18
FWC Chakrala,42,1,1,42,18
FWC Shah Yousaf,42,1,1,42,18
FWC Kalra,42,1,1,42,18
FWC Jahanabad,42,1,1,42,18
FWC Kandan,42,1,1,42,18
FWC Sahiwal,42,1,1,42,18
FWC Farooka,42,1,1,42,18
FWC Nehang,42,1,1,42,18
FWC Chawaywala,42,1,1,42,18
FWC Vijh,42,1,1,42,18
FWC Mubaray Khan,42,1,1,42,18
FWC Bhalwal City,42,1,1,42,18
FWC Old Bhalwal,42,1,1,42,18
FWC Bhera,42,1,1,42,18
FWC Miani,42,1,1,42,18
FWC Phularwan,42,1,1,42,18
FWC Kotmomin,42,1,1,42,18
FWC Midh Ranjha,42,1,1,42,18
FWC Lillyani,42,1,1,42,18
FWC Bhabra,42,1,1,42,18
FWC Dodha,42,1,1,42,18
FWC Matila,42,1,1,42,18
FWC Chak 18 S.B,42,1,1,42,18
Family Health Clinic  Sheikhupura,43,1,1,43,18
Family Health Clinic Safdarabad,43,1,1,43,18
Family Health Clinic Sangla Hill,43,1,1,43,18
Family Health Clinic Shahkot,43,1,1,43,18
Family Health Clinic Nankana Sahib,43,1,1,43,18
Family Health Clinic Muridke,43,1,1,43,18
Mobile Unit Sheikhupura,43,1,1,43,18
Mobile Unit Safdarabad,43,1,1,43,18
Mobile Unit Nankana Sahib,43,1,1,43,18
Mobile Unit Ferozewala,43,1,1,43,18
FWC City No.I SKP ,43,1,1,43,18
FWC City No.II  SKP,43,1,1,43,18
FWC City No.III SKP,43,1,1,43,18
FWC City No.IV SKP.,43,1,1,43,18
FWC City No.V SKP.,43,1,1,43,18
FWC Farooqabad-I   ,43,1,1,43,18
Farooqabad-II   Farooqabad,43,1,1,43,18
FWC Warn ,43,1,1,43,18
FWC Jhabbran ,43,1,1,43,18
FWC Ajnianwala ,43,1,1,43,18
FWC Kharianwala,43,1,1,43,18
FWC Ferozwattwan ,43,1,1,43,18
FWC Botter ,43,1,1,43,18
FWC Baharianwala  ,43,1,1,43,18
FWC Thabal ,43,1,1,43,18
FWC Machike  ,43,1,1,43,18
FWC Bhandoor,43,1,1,43,18
FWC Molo Wal,43,1,1,43,18
FWC Malian Kalan  ,43,1,1,43,18
FWC Nabipura ,43,1,1,43,18
FWC Dera Malla Singh  ,43,1,1,43,18
FWC Mananwala ,43,1,1,43,18
FWC Kot Shahab Din  ,43,1,1,43,18
FWC Muridke  ,43,1,1,43,18
FWC Narang Mandi ,43,1,1,43,18
FWC Sharqpur Sharif ,43,1,1,43,18
FWC Burj Attari ,43,1,1,43,18
FWC Kot Abdul Malik  ,43,1,1,43,18
FWC Khanpur  ,43,1,1,43,18
FWC Tapiala Dost Muhammad,43,1,1,43,18
FWC Kot Pindi Das  ,43,1,1,43,18
FWC Mehta Suja  ,43,1,1,43,18
FWC Saikhum  ,43,1,1,43,18
FWC Fatoowala  ,43,1,1,43,18
FWC  Kala Khatai,43,1,1,43,18
FWC Rana Town  ,43,1,1,43,18
FWC Tredaywali ,43,1,1,43,18
FWC Rehmat Colony  ,43,1,1,43,18
FWC Ravi Rehan  ,43,1,1,43,18
FWC Safdarabad  ,43,1,1,43,18
FWC Sangla Hill-I  ,43,1,1,43,18
FWC Sangla Hill-II ,43,1,1,43,18
FWC Shahkot No.2  ,43,1,1,43,18
FWC Marh Balochan  ,43,1,1,43,18
FWC Khanqa Dogran ,43,1,1,43,18
FWC Sheroki ,43,1,1,43,18
FWC Qila Mir Zaman.,43,1,1,43,18
FWC Panwan.,43,1,1,43,18
FWC Shahkot No.1  ,43,1,1,43,18
FWC Chak No.82  ,43,1,1,43,18
FWC Shahkot No.3 ,43,1,1,43,18
FWC Nankana Sahib-I  ,43,1,1,43,18
FWC Nankana Sahib-II ,43,1,1,43,18
FWC Warburton  ,43,1,1,43,18
FWC Khiaray Kalan  ,43,1,1,43,18
FWC More Khunda  ,43,1,1,43,18
FWC Mandi Faizabad  ,43,1,1,43,18
FWC Buchike  ,43,1,1,43,18
FWC Chak No.5  ,43,1,1,43,18
FWC Chak No.10  ,43,1,1,43,18
FWC Syedwala  ,43,1,1,43,18
FWC Chander Kot ,43,1,1,43,18
FWC Adda Ali Judge  ,43,1,1,43,18
FWC Jaslany More ,43,1,1,43,18
TPW Office Jhang,113,1,1,113,18
TPW Office Shorkot,113,1,1,113,18
TPW Office Chiniot,113,1,1,113,18
Family Health Clinic  DHQ Hospital  Jhang ,113,1,1,113,18
Family Health Clinic  THQ Hospital  Shorkot ,113,1,1,113,18
Family Health Clinic  DHQ Hospital  Chiniot ,113,1,1,113,18
Family Health Mobile Unit Jhang ,113,1,1,113,18
Family Health Mobile Unit Shorkot ,113,1,1,113,18
Family Health Mobile Unit Chiniot,113,1,1,113,18
F. W. Centre Gulshan Colony,113,1,1,113,18
F. W. Centre ZCD Satellite Town.,113,1,1,113,18
F. W. Centre Kot Abkar.,113,1,1,113,18
F. W. Centre Jhang City.,113,1,1,113,18
F. W. Centre Abid Hussain Memorial Hospital.,113,1,1,113,18
F. W. Centre Hasnana.,113,1,1,113,18
F. W. Centre Bagh Wala.,113,1,1,113,18
F. W. Centre Jhang Chak Shumali.,113,1,1,113,18
F. W. Centre Chund Bherwana.,113,1,1,113,18
F. W. Centre  BHU Mandi Shah Jewana.,113,1,1,113,18
F. W. Centre RHC Shah Jewana.,113,1,1,113,18
F. W. Centre Akrianwala.,113,1,1,113,18
F. W. Centre Dalan Wala More.,113,1,1,113,18
F. W. Centre RHC Mochiwala.,113,1,1,113,18
F. W. Centre RHC Shabir Abad.,113,1,1,113,18
F.W. Centre Kot Khaira.,113,1,1,113,18
F. W. Centre 18 – Hazari.,113,1,1,113,18
F. W. Centre Baig Colony.,113,1,1,113,18
F. W. Centre RHC Bagh.,113,1,1,113,18
F. W. Centre Chak No.232.,113,1,1,113,18
F. W. Centre Milat Colony.,113,1,1,113,18
F. W. Centre Qassmi Colony.,113,1,1,113,18
F.W. Centre Kot Sigh Singh.,113,1,1,113,18
F. W. Centre Madoki.,113,1,1,113,18
F. W. Centre Chiniot.,113,1,1,113,18
F. W. Centre Bhowana.,113,1,1,113,18
F. W. Centre Chenab Nagar.,113,1,1,113,18
F. W. Centre Lalian.,113,1,1,113,18
F. W. Centre Jhoke Malyya.,113,1,1,113,18
F. W. Centre Rajoa.,113,1,1,113,18
F. W. Centre Ahmad Nagar.,113,1,1,113,18
F. W. Centre 125/Jappa.,113,1,1,113,18
F. W. Centre Wallah.,113,1,1,113,18
F. W. Centre Kalri.,113,1,1,113,18
F. W. Centre 131 – Loona Wala.,113,1,1,113,18
F. W. Centre Rajoa More.,113,1,1,113,18
F. W. Centre Kalar Wala.,113,1,1,113,18
F. W. Centre Lalian-II.,113,1,1,113,18
F. W. Centre Hersa Sheikh.,113,1,1,113,18
F. W. Centre Ahmad Pura.,113,1,1,113,18
F. W. Centre Chak No. 195.,113,1,1,113,18
F. W. Centre Shorkot City.,113,1,1,113,18
F. W. Centre Shorkot Road.,113,1,1,113,18
F. W. Centre ,113,1,1,113,18
A. P. Sial,113,1,1,113,18
F. W. Centre G. M. Raja.,113,1,1,113,18
F. W. Centre Rodu Sultan.,113,1,1,113,18
F. W. Centre Qaim Bherwana.,113,1,1,113,18
F. W. Centre Waryyam Wala.,113,1,1,113,18
F. W. Centre H. B. Shah.,113,1,1,113,18
F. W. Centre Kot Bahadar.,113,1,1,113,18
F. W. Centre Pir Abdur – Ur- Rehman.,113,1,1,113,18
F. W. Centre Kaki Nau.,113,1,1,113,18
F. W. Centre Shorkot Shumali.,113,1,1,113,18
F. W. Centre Jalal Pur Kamlana.,113,1,1,113,18
Family Health Clinic  DHQ  Jhelum,114,1,1,114,18
Family Health Mobile Unit Jhelum,114,1,1,114,18
FWC Chak Khasa,114,1,1,114,18
FWC Filter Health Clinic Bilal Town,114,1,1,114,18
FWC Shumali Mohallah,114,1,1,114,18
MCH  FWC Centre,114,1,1,114,18
Kala Gujran,114,1,1,114,18
Kotla Faqir,114,1,1,114,18
FWC CMH,114,1,1,114,18
FWC Sanghoi,114,1,1,114,18
FWC Dara Pur,114,1,1,114,18
FWC Dina-I,114,1,1,114,18
FWC Dina-II,114,1,1,114,18
FWC Khukha,114,1,1,114,18
FWC Boharian,114,1,1,114,18
FHC Sohawa,114,1,1,114,18
Family Health Clinic  Sohawa,114,1,1,114,18
Family Health Mobile Unit,114,1,1,114,18
FHC Sohawa,114,1,1,114,18
FWC  Domeli,114,1,1,114,18
FWC Baragowah,114,1,1,114,18
FWC Kotabuzar,114,1,1,114,18
FHC P.D. Khan,114,1,1,114,18
Family Health Clinic  P.D. Khan,114,1,1,114,18
Family Health Mobile Unit,114,1,1,114,18
FWC Lilla,114,1,1,114,18
FWC Khewra,114,1,1,114,18
FWC PD Khan,114,1,1,114,18
 FWC JP Shairf,114,1,1,114,18
FWC Pinanwal,114,1,1,114,18
FWC Gharibwal,114,1,1,114,18
Family Health Clinic  THQ Hospital  P.D. Khan,114,1,1,114,18
FW Centre:  RHC Lilla,114,1,1,114,18
FW Centre:  GRD Khewra,114,1,1,114,18
Family Health Clinic  THQ Hospital  P.D. Khan,114,1,1,114,18
FW Centre:  RHC Jalalpur Sharif,114,1,1,114,18
FW Centre:  FWC Village Pinanwal,114,1,1,114,18
FW Centre:  Village & P.O. Gharibwal,114,1,1,114,18
FHC DHQ Khanewal,116,1,1,116,18
FHC THQ Kabirwala,116,1,1,116,18
FHC THQ Mianchannun,116,1,1,116,18
FHC THQ Jehanian,116,1,1,116,18
FHMU DHQ Khanewal,116,1,1,116,18
FHMU THQ Kabirwala,116,1,1,116,18
FHMU THQ  Mianchannun,116,1,1,116,18
FHMU THQ Jehanian,116,1,1,116,18
FWC Khanewal City-1,116,1,1,116,18
FWC Khanewal city-2,116,1,1,116,18
FWC Muslim Town,116,1,1,116,18
FWC Marzi Pura,116,1,1,116,18
FWC RHC Makhdoom Pur,116,1,1,116,18
FWC Kacha Khu,116,1,1,116,18
FWC Peerowal,116,1,1,116,18
FWC 70/10-R,116,1,1,116,18
FWC Nank Pur,116,1,1,116,18
FWC 23/10-R,116,1,1,116,18
FWC 166/10-R,116,1,1,116,18
FWC Chak No.12/AH,116,1,1,116,18
FWC Kabir Wala City,116,1,1,116,18
FWC Moola Pur,116,1,1,116,18
FWC Kukr Hatta,116,1,1,116,18
FWC Sarai Sidhu,116,1,1,116,18
 FWC Qataal Pur,116,1,1,116,18
FWC Abdul Hakeem-1,116,1,1,116,18
FWC Abdul Hakeem-2,116,1,1,116,18
FWC Hussaina Abad,116,1,1,116,18
FWC Chouper Hutta,116,1,1,116,18
FWC Mahni Sial,116,1,1,116,18
FWC Sardar Pur,116,1,1,116,18
FWC Kohi wala,116,1,1,116,18
FWC Miachannu City-1,116,1,1,116,18
FWC Miachannu City-2,116,1,1,116,18
FWC Tulamba,116,1,1,116,18
FWC Mohsin wal,116,1,1,116,18
FWC 14/8-R,116,1,1,116,18
FWC 128/15-L,116,1,1,116,18
FWC 102/15-L,116,1,1,116,18
FWC 44/15-L,116,1,1,116,18
FWC 105/15-L,116,1,1,116,18
FWC 19/8-R,116,1,1,116,18
FWC Chowk Jamal,116,1,1,116,18
FWC Chak No. 67/15-L Vegian Wala,116,1,1,116,18
FWC Basti Charag Shah,116,1,1,116,18
FWC Jahanian City,116,1,1,116,18
FWC Pervaiz Wala,116,1,1,116,18
Thatta Sadaq Abad,116,1,1,116,18
FWC 110/10-R ,116,1,1,116,18
FWC 114/10-R,116,1,1,116,18
FWC 102/10-R,116,1,1,116,18
FWC 138/10-R,116,1,1,116,18
Family Health Clinic Kasur,115,1,1,115,18
Family Health Clinic Chunian,115,1,1,115,18
Family Health Clinic Pattoki,115,1,1,115,18
DHQ Mobile Service Unit Kasur,115,1,1,115,18
Mobile Service Unit Chunian,115,1,1,115,18
Mobile Service Unit Pattoki,115,1,1,115,18
FWC Kasur-I,115,1,1,115,18
FWC Kasur-II,115,1,1,115,18
FWC Kasur-III,115,1,1,115,18
FWC Kasur-IV,115,1,1,115,18
FWC Kasur-V,115,1,1,115,18
FWC Vadana,115,1,1,115,18
FWC Mustafabad-I,115,1,1,115,18
FWC RHCMustafabad-II,115,1,1,115,18
FWC Beedian,115,1,1,115,18
FWC Khara,115,1,1,115,18
FWC Rao Khan Wala,115,1,1,115,18
FWC Raja Jang,115,1,1,115,18
FWC Prem Nagar,115,1,1,115,18
FWC Qasir Garh,115,1,1,115,18
FWC Bheddian,115,1,1,115,18
FWC Khuddian,115,1,1,115,18
FWC Usmanwala.,115,1,1,115,18
FWC Bheela Hithar,115,1,1,115,18
FWC Kot Radha Kishan,115,1,1,115,18
FWC Rasool Pur,115,1,1,115,18
FWC Jora,115,1,1,115,18
FWC Dhollan Hithar,115,1,1,115,18
FWC Qadi Wind,115,1,1,115,18
FWC BIT Hospital,115,1,1,115,18
 FWC Chunnian-I,115,1,1,115,18
FWC Chunnian-II,115,1,1,115,18
FWC Chunnian Cant.,115,1,1,115,18
FWC Talwandi,115,1,1,115,18
FWC RHC Theeng More,115,1,1,115,18
FWC Gehlan Hithar,115,1,1,115,18
FWC Kangon Pur.,115,1,1,115,18
FWC Rossa Tiba Chak No.1,115,1,1,115,18
FWC Changa Manga,115,1,1,115,18
FWC Bhoe Asil,115,1,1,115,18
FWC Dhaku (Ghid Pur),115,1,1,115,18
FWC Jamsher Khurd,115,1,1,115,18
FWC Sham Kot Nau,115,1,1,115,18
FWC Pattoki-I,115,1,1,115,18
FWC Pattoki-II,115,1,1,115,18
FWC Sheikhum,115,1,1,115,18
FWC Wan Radha Ram,115,1,1,115,18
FWC RHC Hallah,115,1,1,115,18
FWC Chak-66,115,1,1,115,18
FWC Social Security Hospital,115,1,1,115,18
FWC Jumber Kalan,115,1,1,115,18
FWC Bhai Pheru,115,1,1,115,18
FWC Malik Pura,115,1,1,115,18
FWC Parnawan,115,1,1,115,18
TPW Office Khushab,117,1,1,117,18
TPW Office Noorpur Thal,117,1,1,117,18
FHC DHQ Khushab,117,1,1,117,18
FHC THQ Noorpur Thal,117,1,1,117,18
FHMU Khushab,117,1,1,117,18
FHMU Noorpur Thal,117,1,1,117,18
FHC Khushab,117,1,1,117,18
FHC Joyia,117,1,1,117,18
FHC Jauharabad,117,1,1,117,18
FHC Sandral,117,1,1,117,18
FHC Padhrar,117,1,1,117,18
FHC Katha Sagral,117,1,1,117,18
FHC Khabaki,117,1,1,117,18
FHC Ochali,117,1,1,117,18
FHC Naushera,117,1,1,117,18
FHC Mitha Tiwana,117,1,1,117,18
FHC Hadali,117,1,1,117,18
FHC 50 M.B,117,1,1,117,18
FHC Girote,117,1,1,117,18
FHC Quaidabad,117,1,1,117,18
FHC Bandial,117,1,1,117,18
FHC Laghari,117,1,1,117,18
FHC Roda,117,1,1,117,18
FHC Noorpur Thal,117,1,1,117,18
FHC Adhi Kot,117,1,1,117,18
FHC Adhi Sargal,117,1,1,117,18
F HC Ganga Ram Hospital,11,1,1,11,18
FHC General Hospital ,11,1,1,11,18
FHC  Lady Willingdon Hospital,11,1,1,11,18
FHC  Lady Aitchison Hospital,11,1,1,11,18
FHC Services Hospital,11,1,1,11,18
FHC Govt. Kot Khawaja Saeed Hopital,11,1,1,11,18
FHC Jinnah Hospital,11,1,1,11,18
FHC Vasectomy Centre Ganga Ram Hospital,11,1,1,11,18
MSU Lahore Cantt,11,1,1,11,18
MSU Lahore City,11,1,1,11,18
FWC Attari,11,1,1,11,18
FWC Adda Chabeel,11,1,1,11,18
FWC Baghbanpura,11,1,1,11,18
FWC Barki,11,1,1,11,18
FWC Basti Saidan Shah,11,1,1,11,18
FWC C.W.C,11,1,1,11,18
FWCLahore Cantt-II,11,1,1,11,18
FWCDaroga Wala,11,1,1,11,18
FWCAvicina Hospital,11,1,1,11,18
FWCSocial Security Dispensary Nishter Town,11,1,1,11,18
FWCFateh Garh,11,1,1,11,18
FWCGajju Matta,11,1,1,11,18
FWCGarhi Shahu,11,1,1,11,18
FWCGulbahar Colony,11,1,1,11,18
FWCHadyara,11,1,1,11,18
FWCHair,11,1,1,11,18
FWCJallo,11,1,1,11,18
FWCKeer Kot,11,1,1,11,18
FWCChina Scheme,11,1,1,11,18
FWCLakho Dair,11,1,1,11,18
FWCMadhu Lal Hussian,11,1,1,11,18
FWCMadni Colony,11,1,1,11,18
FWCMisri Shah,11,1,1,11,18
FWCMugal Pura,11,1,1,11,18
FWCNadir Abad,11,1,1,11,18
FWCNawaz Sharif Hospital,11,1,1,11,18
FWCP.A.F,11,1,1,11,18
FWCPeer Colony,11,1,1,11,18
FWCPackages,11,1,1,11,18
FWCShad Bagh,11,1,1,11,18
FWCCMH Hospital,11,1,1,11,18
FWCTFWC,11,1,1,11,18
FWCQalandar Pura,11,1,1,11,18
FWCNew Canal Park,11,1,1,11,18
FWCLahore Cantonment Hospital,11,1,1,11,18
FWCCairn Hospital,11,1,1,11,18
FWCShadi Pura (Alya Sultana),11,1,1,11,18
FWCKot Khawaja Saeed ,11,1,1,11,18
FWCGHC-I,11,1,1,11,18
FWCGHC-II,11,1,1,11,18
FWCMahfooz Shaheed Garison,11,1,1,11,18
FWCSalamat Pura,11,1,1,11,18
FWCGhazi Road,11,1,1,11,18
FWCReception Centre 103-Brigade,11,1,1,11,18
FWCPakistan Medical Homeopath Hospital,11,1,1,11,18
FWCData Nagar,11,1,1,11,18
FWCRehmat Colony,11,1,1,11,18
FWCAli Raza Abad,11,1,1,11,18
FWCAllama Iqbal Town,11,1,1,11,18
FWCArraiyan,11,1,1,11,18
FWCAwan Town,11,1,1,11,18
FWCBeadon Road,11,1,1,11,18
FWCChungi Amar Sidhu,11,1,1,11,18
FWCChungh,11,1,1,11,18
FWCData Darbar,11,1,1,11,18
FWCRehmat Hospital Township,11,1,1,11,18
FWCSocial Security Hospital Shahdrah,11,1,1,11,18
FWCSocial Security Hospital Kot Lakh Pat,11,1,1,11,18
FWCGreen Town,11,1,1,11,18
FWCGulberg,11,1,1,11,18
FWCGulshan Ravi,11,1,1,11,18
FWCGovt. Filter Clinic,11,1,1,11,18
FWCRHC Kahna,11,1,1,11,18
FWCArif Memorial Hospital,11,1,1,11,18
FWCManga Mandi,11,1,1,11,18
FWCT&T Colony Chuburji,11,1,1,11,18
FWCMunshi Hospital,11,1,1,11,18
FWCRHC Raiwnd,11,1,1,11,18
FWCSaman Abad,11,1,1,11,18
FWCSandha,11,1,1,11,18
FWCShah Di Khui,11,1,1,11,18
FWCChildren Hospital,11,1,1,11,18
FWCShahdrah,11,1,1,11,18
FWC,11,1,1,11,18
FWCSher Shah Colony,11,1,1,11,18
FWCSocial Security Hospital Multan Road,11,1,1,11,18
FWCSodiwal,11,1,1,11,18
FWCSundar,11,1,1,11,18
FWCTemple Road,11,1,1,11,18
FWCThokar,11,1,1,11,18
FWCTown Ship,11,1,1,11,18
FWCUCH,11,1,1,11,18
FWC  Sabzazaar,11,1,1,11,18
FWCWAPDA Hospital,11,1,1,11,18
FWCTauheed Abad,11,1,1,11,18
FWCBegum Kot ,11,1,1,11,18
FWC(Shams Abad),11,1,1,11,18
FWCWAPDA Town,11,1,1,11,18
FWCMaraka,11,1,1,11,18
FWCShah Alam Market,11,1,1,11,18
FWCGovt. THQ Hospital  Model Town,11,1,1,11,18
FWCJohar Town,11,1,1,11,18
FWCIslam Pura,11,1,1,11,18
FWCLiaqatabad,11,1,1,11,18
FWCMumtaz Bakhtawar Wahdat Road,11,1,1,11,18
FWCMamtaz Bakhtawar Raiwind Road,11,1,1,11,18
FWCFatima Memorial Hospital  Lahore,11,1,1,11,18
FWCSham-ki-Bhattian,11,1,1,11,18
FWCJia Bagga,11,1,1,11,18
FWCFarooq Hospital,11,1,1,11,18
FWC,11,1,1,11,18
FWCPunjab University,11,1,1,11,18
FWCGovernment Teaching Hospital  Shahdhra ,11,1,1,11,18
14-Employees Colony  Layyah,118,1,1,118,18
TPW-Office  Layyah,118,1,1,118,18
TPW-Office  Karor,118,1,1,118,18
TPW-Office  Choubara,118,1,1,118,18
FHC  Layyah,118,1,1,118,18
FHC  Karor,118,1,1,118,18
FHC  Choubara,118,1,1,118,18
Family Health Mobile Unit  Layyah.,118,1,1,118,18
Family Health Mobile Unit  Karor,118,1,1,118,18
Family Health Mobile Unit  Choubara,118,1,1,118,18
FW-Centre Layyah-I,118,1,1,118,18
FW-Centre Layyah-II,118,1,1,118,18
FW-Centre Layyah-III,118,1,1,118,18
FW-Centre Shah Habeeb,118,1,1,118,18
FW-Centre Jaman Shah,118,1,1,118,18
FW-Centre Kot Sultan,118,1,1,118,18
FW-Centre Pahar Pur,118,1,1,118,18
FW-Centre Peer Jaggi,118,1,1,118,18
FW-Centre 161/TDA,118,1,1,118,18
FW-Centre Bhagal,118,1,1,118,18
FW-Centre Ladhana,118,1,1,118,18
FW-Centre Chowk Azam-I,118,1,1,118,18
FW-Centre Chowk Azam-II,118,1,1,118,18
FW-Centre Rafiq Abad,118,1,1,118,18
FW-Centre 407/TDA,118,1,1,118,18
FW-Centre Choubara,118,1,1,118,18
FW-Centre Nawan Kot,118,1,1,118,18
FW-Centre Fateh Pur-I,118,1,1,118,18
FW-Centre Fateh Pur-II,118,1,1,118,18
FW-Centre Shaukat abad,118,1,1,118,18
FW-Centre 111/ML,118,1,1,118,18
FW-Centre 98/ML,118,1,1,118,18
FW-Centre Karor,118,1,1,118,18
FW-Centre Tibbi Khurd,118,1,1,118,18
FW-Centre Sargani,118,1,1,118,18
FW-Centre Noshera,118,1,1,118,18
FW-Centre 124/TDA,118,1,1,118,18
FHC Lodhran,119,1,1,119,18
FHC Kehror Pacca,119,1,1,119,18
FHC Dunya Pur,119,1,1,119,18
FHM Lodhran,119,1,1,119,18
FHM THQ Kehror Pacca,119,1,1,119,18
FHM Dunya Pur,119,1,1,119,18
FWC Lodhran City-I,119,1,1,119,18
FWC Lodhran City-II,119,1,1,119,18
FWC Super Chowk,119,1,1,119,18
FWC Adam Wahin,119,1,1,119,18
FWC Danwran,119,1,1,119,18
FWC Sui Wala,119,1,1,119,18
FWC Chak Himta,119,1,1,119,18
FWC Rawani,119,1,1,119,18
FWC Gaily Wala,119,1,1,119,18
FWC Chak No. 53/M,119,1,1,119,18
FWC Nai Basti,119,1,1,119,18
FWC Kotha utera,119,1,1,119,18
FWC Murad Pur,119,1,1,119,18
FWC Gogran,119,1,1,119,18
FWC Kotla Ali Dasti,119,1,1,119,18
FWC Dunya Pur-I,119,1,1,119,18
FWC Dunya Pur-II,119,1,1,119,18
FWC Qutab Pur,119,1,1,119,18
FWC RHC 231/WB,119,1,1,119,18
FWC Jallah Arain,119,1,1,119,18
FWC Chak No. 356/WB,119,1,1,119,18
FWC Chak No. 362/WB,119,1,1,119,18
FWC Makhdoom Aali,119,1,1,119,18
FWC Chak No. 351/WB,119,1,1,119,18
FWC Kehror Pacca,119,1,1,119,18
FWC Multani Wala,119,1,1,119,18
FWC Massa Kotha,119,1,1,119,18
FWC Ameer Pur Station,119,1,1,119,18
FWC Ameer Pur Sadat,119,1,1,119,18
FWC Dhanoot,119,1,1,119,18
FHC Mianwali,121,1,1,121,18
FHC Piplan,121,1,1,121,18
FHC Isa Khel,121,1,1,121,18
,121,1,1,121,18
FHMU Mianwali,121,1,1,121,18
FHMU Piplan,121,1,1,121,18
FHMU Isa Khel,121,1,1,121,18
F.W.Centre  Mianwali-I,121,1,1,121,18
F.W.Centre  Mianwali-II,121,1,1,121,18
F.W.Centre  Mianwali-III,121,1,1,121,18
F.W. Center Moh. Miana Mianwali.,121,1,1,121,18
F.W.Centre  Shaheen Town.,121,1,1,121,18
F.W.Centre  Wan Bhachran.,121,1,1,121,18
F.W.Centre  Shadia.,121,1,1,121,18
F.W.Centre  Musa Khel.,121,1,1,121,18
F.W.Centre  Aba Khel.,121,1,1,121,18
F.W.Centre  Pai Khel,121,1,1,121,18
F.W.Centre  Daud Khel.,121,1,1,121,18
F.W.Centre Khawjabad,121,1,1,121,18
F.W.Centre Esa Khel,121,1,1,121,18
F.W.Centre  Kala Bagh.,121,1,1,121,18
F.W.Centre  Kamar Mashani.,121,1,1,121,18
F.W.Centre  Trug Sharief.,121,1,1,121,18
F.W.Centre  Jalalpur.,121,1,1,121,18
F.W.Centre  Piplan,121,1,1,121,18
F.W.Centre  Alluwali.,121,1,1,121,18
F.W.Centre  Kundian.,121,1,1,121,18
F.W.Centre  Chak No.1  ML,121,1,1,121,18
F.W.Centre  Harnooli,121,1,1,121,18
F.W.Centre  Dab Balochan.,121,1,1,121,18
F.W.Centre  Asran Wala,121,1,1,121,18
Name of Outlets,120,1,1,120,18
DPWO M.B.Din,120,1,1,120,18
TPWO Phalia,120,1,1,120,18
TPWO Malakwal,120,1,1,120,18
TPWO Mandi Bahauddin,120,1,1,120,18
FHC/FHMU Phalia,120,1,1,120,18
FHC/FHMU Malikwal,120,1,1,120,18
"FHC/FHMU
Mandi Baha Uddin",120,1,1,120,18
BHU Sohawa Bolani,120,1,1,120,18
BHU Mangat,120,1,1,120,18
BHU Amjad Abad,120,1,1,120,18
BHU Mong,120,1,1,120,18
BHU Chailianwala,120,1,1,120,18
BHU Chak # 2,120,1,1,120,18
RHC Kuthiala Sheikhan,120,1,1,120,18
BHU Mandi-1,120,1,1,120,18
RHC Jokalian,120,1,1,120,18
BHU Phalia-1,120,1,1,120,18
BHU Qadirabad,120,1,1,120,18
RHC Pahrian Wali,120,1,1,120,18
BHU Phalia-2,120,1,1,120,18
BHU Mano Chak,120,1,1,120,18
RHC Bhekho More,120,1,1,120,18
BHU Bhoa Hassan,120,1,1,120,18
BHU Hailan,120,1,1,120,18
BHU Lala Pindi,120,1,1,120,18
BHU Gojra,120,1,1,120,18
BHU Head Faqirian,120,1,1,120,18
RHC Busal,120,1,1,120,18
BHU Harya,120,1,1,120,18
BHU Bhagowal,120,1,1,120,18
BHU Wara Alam Shah,120,1,1,120,18
RHC Malikwal-2,120,1,1,120,18
BHU Malikwal-1,120,1,1,120,18
FHC DHQ Attock,102,1,1,102,18
FHC THQ Hazro,102,1,1,102,18
FHC THQ Fateh Jang,102,1,1,102,18
FHC THQ Pindi Gheb,102,1,1,102,18
FHC THQ Jand,102,1,1,102,18
FHMU Attock,102,1,1,102,18
FHMU Hassan Abdal,102,1,1,102,18
FHMU Fateh Jang,102,1,1,102,18
FHMU Pindi Gheb,102,1,1,102,18
FHMU Jand,102,1,1,102,18
FWCAttockCity.,102,1,1,102,18
FWC Attock Cantt,102,1,1,102,18
FWC Sheenbagh,102,1,1,102,18
FWC Kamra,102,1,1,102,18
FWC Hazro,102,1,1,102,18
FWC Rangoo,102,1,1,102,18
FWC Ghourghshti,102,1,1,102,18
FWC Shadi Khan,102,1,1,102,18
FWC Qutba,102,1,1,102,18
FWC Hassanabdal,102,1,1,102,18
FWC Burhan,102,1,1,102,18
FWC Lawrencepur,102,1,1,102,18
FWC Jand,102,1,1,102,18
FWC Nara,102,1,1,102,18
FWC Domail,102,1,1,102,18
FWC Thatti Syedan,102,1,1,102,18
FWC Fateh Jang,102,1,1,102,18
FWC Bahtar,102,1,1,102,18
FWC Gali Jageer,102,1,1,102,18
FWC Mallal,102,1,1,102,18
FWC Hattar,102,1,1,102,18
FWC Pindigheb,102,1,1,102,18
FWC Nowshera,102,1,1,102,18
FWC Dandi,102,1,1,102,18
FWC Khour,102,1,1,102,18
FWC Ikhlas,102,1,1,102,18
FWC Maghian,102,1,1,102,18
Family Health Clinic DHQ Hospital Bahawalnagar,103,1,1,103,18
Family Health Clinic THQ Hospital Minchin Abad,103,1,1,103,18
Family Health Clinic THQ Hospital Chishtian,103,1,1,103,18
Family Health Clinic THQ Hospital Haroonabad,103,1,1,103,18
Family Health Clinic THQ Hospital Fortabbas,103,1,1,103,18
Family Health Mobile Unit Bahawalnagar,103,1,1,103,18
Family Health Mobile Unit Minchinbad,103,1,1,103,18
Family Health Mobile Unit Chishtian,103,1,1,103,18
Family Health Mobile Unit Haroonabad,103,1,1,103,18
Family Health Mobile Unit Fortabbas,103,1,1,103,18
FWC Quresh Colony,103,1,1,103,18
FWC Bahawalnagar City,103,1,1,103,18
FWC Amir Kot,103,1,1,103,18
FWC Tibba Maqsood Pura,103,1,1,103,18
FWC Khadim Abad,103,1,1,103,18
FWC Dunga Bunga,103,1,1,103,18
FWC Mari Mian Sahib,103,1,1,103,18
FWC Madrissa,103,1,1,103,18
FWC Rojhan Wali,103,1,1,103,18
FWC Hafiz Abad,103,1,1,103,18
FWC Tehsil Complex Bahawalnagar,103,1,1,103,18
FWC Khalil Abad,103,1,1,103,18
FWC Ghulab Ali,103,1,1,103,18
FWC 4/Fordwah,103,1,1,103,18
FWC Chak Abdullah,103,1,1,103,18
FWC Mohajar Colony,103,1,1,103,18
FWC Tehsil Complex Chishtian,103,1,1,103,18
FWC Dahran Wala,103,1,1,103,18
FWC 131/Murad,103,1,1,103,18
FWC Bakhshan Khan,103,1,1,103,18
FWC 108/Fateh,103,1,1,103,18
FWC Mohar Sharif,103,1,1,103,18
FWC Tehsil Complex Fortabbas,103,1,1,103,18
FWC Ali Town,103,1,1,103,18
FWC 201/8R,103,1,1,103,18
FWC Khichi wala,103,1,1,103,18
FWC Shahbaz Wala,103,1,1,103,18
FWC Tehsil Complex Haroonabad,103,1,1,103,18
FWC City Centre Haroonabad,103,1,1,103,18
FWC Faqir Wali,103,1,1,103,18
FWC Yateem Wala,103,1,1,103,18
FWC 133/6R,103,1,1,103,18
FWC Shaheed Chowk,103,1,1,103,18
FWC 25/3R,103,1,1,103,18
FWC Nolan Molan,103,1,1,103,18
FWC Ghalian Wala,103,1,1,103,18
FWC Tehsil Complex Minchinabad,103,1,1,103,18
FW C City Minchinabad,103,1,1,103,18
FWC Mandi Sadiq Gunj,103,1,1,103,18
FWC Dogar Wala,103,1,1,103,18
FWC Mecleod Gunj,103,1,1,103,18
FWC Haranwala,103,1,1,103,18
FWC Chabiana,103,1,1,103,18
FWC Loharka,103,1,1,103,18
"FHC,B.V Hospital Bahawalpur",104,1,1,104,18
"Addl. FHC,Ahmedpur East",104,1,1,104,18
"FHC,Hasilpur",104,1,1,104,18
"Addl. FHC,Khairpur Tamewali",104,1,1,104,18
"Addl. FHC, Yazman",104,1,1,104,18
"FHMU,Bahawalpur",104,1,1,104,18
"FHMU,Ahmedpur East",104,1,1,104,18
"FHMU, Khairpur Tamewali",104,1,1,104,18
"FHMU, Yazman",104,1,1,104,18
"FHMU,Hasilpur",104,1,1,104,18
FWC Bhatta No.3,104,1,1,104,18
FWC Abbasi Town,104,1,1,104,18
FWC Karna Basti,104,1,1,104,18
FWC Mohajir Colony,104,1,1,104,18
FWC Islami Colony,104,1,1,104,18
FWC Dera Bakha,104,1,1,104,18
FWC Sama Satta,104,1,1,104,18
FWC Khanqah Sharif,104,1,1,104,18
FWC Noorpur Nauranga,104,1,1,104,18
FWC Balouch Colony,104,1,1,104,18
FWC 13-Soling,104,1,1,104,18
FWC Tiba Badar Sher,104,1,1,104,18
FWC Jhangi Wali,104,1,1,104,18
FWC Riddan Basti,104,1,1,104,18
FWC CMH Bahawalpur,104,1,1,104,18
FWC Ahmedpur East,104,1,1,104,18
FWC Dera Nawab Sahib,104,1,1,104,18
FWC Bast Patwarian,104,1,1,104,18
FWC Kotla Musa Khan,104,1,1,104,18
FWC Khairpur Daha,104,1,1,104,18
FWC Mubarakpur,104,1,1,104,18
FWC Hatheji,104,1,1,104,18
FWC Uch Sharif,104,1,1,104,18
FWC Chani Goth,104,1,1,104,18
FWC Mahand Sharif,104,1,1,104,18
FWC Tahir Wali ,104,1,1,104,18
FWC Khairpur Tamewali,104,1,1,104,18
FWC Israni,104,1,1,104,18
FWC Lal Sohanra,104,1,1,104,18
FWC Goth Shah Muhammad,104,1,1,104,18
FWC Anayati,104,1,1,104,18
FWC Sheikh Wahan,104,1,1,104,18
FWC Yazman ,104,1,1,104,18
FWC 42/DB ,104,1,1,104,18
FWC 117/DB,104,1,1,104,18
FWC Head Rajkan,104,1,1,104,18
FWC 38/DNB,104,1,1,104,18
FWC 103/DNB,104,1,1,104,18
FWC Chanan Peer,104,1,1,104,18
FWC 47 DB ,104,1,1,104,18
FWC 88/ DB,104,1,1,104,18
FWC Hasilpur City,104,1,1,104,18
FWC 13/Ford Wah ,104,1,1,104,18
FWC Hasilpur Old ,104,1,1,104,18
FWC Batlian,104,1,1,104,18
FWC Jamalpur,104,1,1,104,18
FWC FWC RHC Choona Wala,104,1,1,104,18
FWC 89/Fateh,104,1,1,104,18
FWC FWC RHC Qaimpur,104,1,1,104,18
FHC DHQ Hospital Bhakkar,105,1,1,105,18
FHC RHC Dulle Wala Darya Khan,105,1,1,105,18
FHC THQ Hospital Kallur Kot,105,1,1,105,18
FHC THQ Hospital Mankera,105,1,1,105,18
FHMU Bhakkar,105,1,1,105,18
FHMU Darya Khan,105,1,1,105,18
FHMU Kallur Kot,105,1,1,105,18
FHMU Mankera,105,1,1,105,18
FWC Bhakkar-I,105,1,1,105,18
FWC Bhakkar-II,105,1,1,105,18
FWC Bhakkar-III,105,1,1,105,18
FWC Chheena,105,1,1,105,18
FWC Behal,105,1,1,105,18
FWC Hussainabad,105,1,1,105,18
FWC Chak # 36/TDA,105,1,1,105,18
FWC Allah Dad Foundation Nawani,105,1,1,105,18
FWC Kotla Jam,105,1,1,105,18
FWC Jahan Khan,105,1,1,105,18
FWC Darya Khan-I,105,1,1,105,18
FWC Darya Khan-II,105,1,1,105,18
FWC Punjgraein,105,1,1,105,18
FWC Dulle Wala,105,1,1,105,18
FWC Kallur Kot City,105,1,1,105,18
FWC Mebal,105,1,1,105,18
FWC Haitu,105,1,1,105,18
FWC Jandan Wala,105,1,1,105,18
FWC Mankera City,105,1,1,105,18
FWC Seraye Mohajir,105,1,1,105,18
FWC Chak # 67-ML,105,1,1,105,18
FWC Gohar Wala,105,1,1,105,18
FWC Haider Abad,105,1,1,105,18
"Family Health Clinic, Chakwal",106,1,1,106,18
"Family Health Clinic, Talagang",106,1,1,106,18
"Family Health Mobile Unit, Chakwal",106,1,1,106,18
"Family Health Mobile Unit, Talagang",106,1,1,106,18
"Family Health Mobile Unit, C.S. Shah",106,1,1,106,18
FWC Chakwal-I,106,1,1,106,18
FWC Chakwal-II,106,1,1,106,18
FWC Chakwal-III,106,1,1,106,18
FWC  Dumman,106,1,1,106,18
FWC Dory,106,1,1,106,18
FWC Pirphulahi,106,1,1,106,18
FWC Dhudial,106,1,1,106,18
FWC Munday,106,1,1,106,18
FWC Mureed,106,1,1,106,18
FWC Balkassar,106,1,1,106,18
FWC Dharabi,106,1,1,106,18
FWC Bochal Kallan,106,1,1,106,18
FWC Gufanwala,106,1,1,106,18
FWC Nakka Kahut,106,1,1,106,18
FWC Talagang-I,106,1,1,106,18
FWC Talagang-II,106,1,1,106,18
FWC Kot Sarang,106,1,1,106,18
FWC Jhatla,106,1,1,106,18
FWC Akwal,106,1,1,106,18
FWC Saghar,106,1,1,106,18
FWC Tamman,106,1,1,106,18
FWC Kot Qazi,106,1,1,106,18
FWC Lawa,106,1,1,106,18
FWC Danda Shah Bilawal,106,1,1,106,18
FWC Choa Saiden Shah,106,1,1,106,18
FWC Chumbi.,106,1,1,106,18
FHC D.G. Khan,108,1,1,108,18
FHC Taunsa,108,1,1,108,18
FHMU D.G. Khan,108,1,1,108,18
FHMU Taunsa,108,1,1,108,18
FWC Allah Abad,108,1,1,108,18
FWC Basti Malana,108,1,1,108,18
"FWC RHC, Choti Zareen -I",108,1,1,108,18
FWC Churhatta,108,1,1,108,18
FWC Farid Abad,108,1,1,108,18
FWC Fort Minroo,108,1,1,108,18
FWC Gaddi,108,1,1,108,18
FWC Ghous Abad,108,1,1,108,18
FWC Jhouk Utra,108,1,1,108,18
FWC Kala,108,1,1,108,18
FWC Khan Poor,108,1,1,108,18
FWC Kot Chutta,108,1,1,108,18
FWC Kot Qasrani,108,1,1,108,18
FWC Makwal Kalan,108,1,1,108,18
FWC Mana Ahmdani,108,1,1,108,18
FWC Mehbob Abad,108,1,1,108,18
FWC Mamoori,108,1,1,108,18
FWC Al Asar,108,1,1,108,18
FWC Mangrotha,108,1,1,108,18
FWC Newan Shehar,108,1,1,108,18
FWC Noor wala,108,1,1,108,18
FWC Notak Mehmeed,108,1,1,108,18
FWC Nutakani,108,1,1,108,18
FWC Paigan,108,1,1,108,18
FWC Sarwar Wali,108,1,1,108,18
FWC Rukn Abad,108,1,1,108,18
FWC Siddique Abad,108,1,1,108,18
FWC Sakhi Sarwar,108,1,1,108,18
FWC Samina,108,1,1,108,18
FWC Shadan Lund,108,1,1,108,18
FWC Shah  Saddar Din,108,1,1,108,18
FWC Shehzad Colony,108,1,1,108,18
FWC Soker,108,1,1,108,18
FWC Taunsa-I,108,1,1,108,18
FWC Taunsa-II,108,1,1,108,18
FWC Retra,108,1,1,108,18
FWC Vehova,108,1,1,108,18
Family Health Clinic DHQ. Hospital Faisalabad,109,1,1,109,18
Family Health Clinic Allied Hospital Faisalabad,109,1,1,109,18
Family Health Clinic THQ. Hospital Chak Jhumra,109,1,1,109,18
Family Health Clinic THQ. Hospital Jaranwala,109,1,1,109,18
Family Health Clinic THQ. Hospital Tandlianwala (Non Functional),109,1,1,109,18
Family Health Clinic THQ. Hospital Samundri,109,1,1,109,18
Family Health Mobile Unit Faisalabad City,109,1,1,109,18
Family Health Mobile Unit Faisalabad Sadar,109,1,1,109,18
Family Health Mobile Unit Jaranwala,109,1,1,109,18
Family Health Mobile Unit Samundri,109,1,1,109,18
Family Health Mobile Unit Tandlianwala,109,1,1,109,18
Family Health Mobile Unit Chak Jhumra,109,1,1,109,18
FWC FWC-Dhudhiwala,109,1,1,109,18
FWC Medina Chowk.,109,1,1,109,18
FWC Digluspura.,109,1,1,109,18
FWC Gulberg.,109,1,1,109,18
FWC Dastgeer Colony,109,1,1,109,18
FWC Abdullahpur.,109,1,1,109,18
FWC Yasinpura,109,1,1,109,18
FWC Sammanabad,109,1,1,109,18
FWC Sir Syed Town.,109,1,1,109,18
FWC Ghulam Muhammad Abad.,109,1,1,109,18
FWC Wapda Hospital.,109,1,1,109,18
FWC D-Type Colony.,109,1,1,109,18
FWC Bawa Chak.,109,1,1,109,18
FWC Warispura.,109,1,1,109,18
FWC Green Town.,109,1,1,109,18
FWC Behari Colony,109,1,1,109,18
FWC Rasheedabad,109,1,1,109,18
FWC Fateh Abad,109,1,1,109,18
FWC Raza Abad,109,1,1,109,18
FWC Faizabad,109,1,1,109,18
FWC Mehdi Mohallah,109,1,1,109,18
FWC Allama Iqbal Colony,109,1,1,109,18
FWC Marzipura.,109,1,1,109,18
FWC Gatti.,109,1,1,109,18
FWC Makkuana.,109,1,1,109,18
FWC Gutwala.,109,1,1,109,18
FWC Chak # 76/GB,109,1,1,109,18
FWC Dijkot.,109,1,1,109,18
FWC Chak #  275/RB,109,1,1,109,18
FWC Theakriwala.,109,1,1,109,18
FWC Nathu Chak.,109,1,1,109,18
FWC Ram Dewali.,109,1,1,109,18
FWC Rasalay Wala,109,1,1,109,18
FWC Dalowal.,109,1,1,109,18
FWC Painsara.,109,1,1,109,18
FWC Sadahar,109,1,1,109,18
FWC Sirshmir.,109,1,1,109,18
FWC Bardekay.,109,1,1,109,18
FWC Chak # 35/JB,109,1,1,109,18
FWC Workshop Phatta.,109,1,1,109,18
FWC Samundri-1,109,1,1,109,18
FWC Naradada.,109,1,1,109,18
FWC Khiderwala.,109,1,1,109,18
FWC Mureedwala.,109,1,1,109,18
FWC Chak # 448/GB,109,1,1,109,18
FWC Chak # 441/GB.,109,1,1,109,18
FWC Chak # 45/GB.,109,1,1,109,18
FWC Salooni Jhall.,109,1,1,109,18
FWC Samundri-II,109,1,1,109,18
FWC Chak # 463/GB.,109,1,1,109,18
FWC Basti Hameedabad.,109,1,1,109,18
FWC MamoonKanjan.,109,1,1,109,18
FWC Tandlianwala I,109,1,1,109,18
FWC Chak # 452/GB,109,1,1,109,18
FWC Pindi Sheikh Mausa,109,1,1,109,18
FWC Chak # 408/GB,109,1,1,109,18
FWC Gharh Fateh Shah.,109,1,1,109,18
FWC Kanjwani.,109,1,1,109,18
FWC Chak # 421/GB.,109,1,1,109,18
FWC Tandlianwala II,109,1,1,109,18
FWC Chak # 428/GB.,109,1,1,109,18
FWC Marriatttari.,109,1,1,109,18
FWC Shajowal.,109,1,1,109,18
FWC FWC-Jaranwala-I,109,1,1,109,18
FWC Jaranwala-II.,109,1,1,109,18
FWC Buchiana.,109,1,1,109,18
FWC Zafarwal,109,1,1,109,18
FWC Satiana.,109,1,1,109,18
FWC Awagut.,109,1,1,109,18
FWC Chak # 58/GB.,109,1,1,109,18
FWC Chak # 107/GB.,109,1,1,109,18
FWC Lundianwala.,109,1,1,109,18
FWC Ali Pur Bangla.,109,1,1,109,18
"FWC 240,More.",109,1,1,109,18
FWC Phulahi.,109,1,1,109,18
FWC Jhook Ditta.,109,1,1,109,18
FWC Chak Jhumra,109,1,1,109,18
FWC Khurrianwala.,109,1,1,109,18
FWC Nallay Wala,109,1,1,109,18
FWC Rasoolpur,109,1,1,109,18
FWC Ghaseet Pura.,109,1,1,109,18
FWC Dar-Ul-Ihsan.,109,1,1,109,18
FWC Burnala.,109,1,1,109,18
FWC Chak # 61/RB.,109,1,1,109,18
FWC Chak # 156/RB.,109,1,1,109,18
FWC Lahorian.,109,1,1,109,18
FWC Dial Gharh.,109,1,1,109,18
Family Health Clinic Gujranwala,110,1,1,110,18
Family Health Clinic Kamonke,110,1,1,110,18
Family Health Mobile Unit Gujranwala City,110,1,1,110,18
Family Health Mobile Unit Gujranwala Sadar,110,1,1,110,18
Family Health Mobile Unit Kamonke,110,1,1,110,18
Family Health Mobile Unit Wazirabad,110,1,1,110,18
Family Health Mobile Unit Noshera Virkan,110,1,1,110,18
FWC  Farid Town,110,1,1,110,18
FWC Fato Mand,110,1,1,110,18
FWC  Dhulley,110,1,1,110,18
FWC  Hafizabad Road,110,1,1,110,18
FWC Gulzar Colony ,110,1,1,110,18
FWC Khiali,110,1,1,110,18
FWC  Model Town,110,1,1,110,18
FWC  Noshera Road,110,1,1,110,18
FWC Peoples Colony,110,1,1,110,18
FWC Sarfraz Colony,110,1,1,110,18
FWC  Satellite Town,110,1,1,110,18
FWC  Shaheen Abad,110,1,1,110,18
FWC Bukhtewala,110,1,1,110,18
FWC Railway Dispensary Gujranwala ,110,1,1,110,18
FWC Wapda Hospital,110,1,1,110,18
FWC CMH Gujranwala Cantt.,110,1,1,110,18
FWC Kashmir Colony,110,1,1,110,18
FWC  Qila Dedar Singh-I,110,1,1,110,18
FWC  Qila Dedar Singh-II,110,1,1,110,18
FWC  Rahwali,110,1,1,110,18
FWC  Aroop,110,1,1,110,18
FWC Gondlanwala,110,1,1,110,18
FWC Jandiala Baghwala,110,1,1,110,18
FWC Kot Shera,110,1,1,110,18
FWC Ladhewala Warriach,110,1,1,110,18
FWC Sensira Goraya,110,1,1,110,18
FWC Thakarke Warriach,110,1,1,110,18
FWC  Butteranwali,110,1,1,110,18
FWC  Lohianawala,110,1,1,110,18
FWC  Talwandi  Musa Khan,110,1,1,110,18
FWC Rakh Kikranwali,110,1,1,110,18
FWC Waniawala ,110,1,1,110,18
FWC Kamoke-I,110,1,1,110,18
FWC Kamonke-II,110,1,1,110,18
FWC Eminabad Town,110,1,1,110,18
FWC MoreEminabad ,110,1,1,110,18
FWC Sadhoki,110,1,1,110,18
FWC Marali Wala,110,1,1,110,18
FWC Mandiala Tega,110,1,1,110,18
FWC  Nand Pur,110,1,1,110,18
FHC Gujrat,111,1,1,111,18
FHC Kharian,111,1,1,111,18
 FWC Fateh Pur,111,1,1,111,18
FWC Doulat Nagar,111,1,1,111,18
FWC Langay,111,1,1,111,18
FWC Mangowal,111,1,1,111,18
" FWC Beowali  ,",111,1,1,111,18
FWC Madina Syedan,111,1,1,111,18
FWC Sabowal,111,1,1,111,18
FWC Hariawala ,111,1,1,111,18
FWC Kathala ,111,1,1,111,18
FWC Chak Sada,111,1,1,111,18
FWC Deona Mandi ,111,1,1,111,18
FWC Adohwal,111,1,1,111,18
FWC Tanda ,111,1,1,111,18
FWC Mari Khokharan,111,1,1,111,18
FWC Karrianwala,111,1,1,111,18
FWC Malik Pur Kalan,111,1,1,111,18
"FWC Qutababad,",111,1,1,111,18
FWC Khalid Abad,111,1,1,111,18
FW C Maqboolabad,111,1,1,111,18
FWC Bolay,111,1,1,111,18
FWC Chah Beri Wala,111,1,1,111,18
FWC Jalal Pur Jattan ,111,1,1,111,18
FWC Kunjah,111,1,1,111,18
FWC Shadiwal,111,1,1,111,18
FWC Malka,111,1,1,111,18
FWC Joura,111,1,1,111,18
FWC  Pindi Sultan Pur,111,1,1,111,18
FWC Lala Musa I,111,1,1,111,18
FWC Doulanwala,111,1,1,111,18
FWC Lala Musa II,111,1,1,111,18
 FWC Khawas Pur,111,1,1,111,18
" FWC Ali Chak,",111,1,1,111,18
FWC Kotla Arab Ali Khan,111,1,1,111,18
FWC Bhaddar,111,1,1,111,18
FWC Saboor,111,1,1,111,18
FWC Kharian,111,1,1,111,18
FWC Dinga,111,1,1,111,18
"FWC Qasba, Kariali",111,1,1,111,18
FWC Khohar,111,1,1,111,18
FWC Sara-i-Alamgir,111,1,1,111,18
FHC DHQ Hafizabad,112,1,1,112,18
FHC THQ Pindi Bhattian,112,1,1,112,18
FHMU DHQ Hafizabad,112,1,1,112,18
FHMU THQ Pindi Bhattian,112,1,1,112,18
FWC HFD-1,112,1,1,112,18
FWC HFD-2,112,1,1,112,18
FWC HFD-3,112,1,1,112,18
FWC HFD-4,112,1,1,112,18
FWC HFD-5,112,1,1,112,18
FWC Akhtar Town,112,1,1,112,18
FWC Kaleki Mandi,112,1,1,112,18
FWC Kot Hassan Khan,112,1,1,112,18
FWC Jorrianwala,112,1,1,112,18
FWC Qila Ramkor,112,1,1,112,18
FWC Khan Pur,112,1,1,112,18
FWC Kolo Tarrar,112,1,1,112,18
FWC Wanike Tarrar,112,1,1,112,18
FWC Vinni,112,1,1,112,18
FWC Shah Jamal,112,1,1,112,18
FWC Kot chian,112,1,1,112,18
FWC Jalal Pour,112,1,1,112,18
FWC Pindi Bhattian-1,112,1,1,112,18
FWC Pindi Bhattian-2,112,1,1,112,18
FWC Kot Sarwar,112,1,1,112,18
FWC Kot Nakka,112,1,1,112,18
FWC Sukheki Mandi,112,1,1,112,18
FWC Tahli Goraya,112,1,1,112,18
FWC Chack No.2,112,1,1,112,18
